sentido	hallmark	genes_solapados	p_hipergeom	fraccion_knockouts_igual_o_mas_enriquecidos	p_BUB1	p_TTK	p_CENPE	p_AURKB	p_PLK1	p_ZWINT	p_NDC80
up	Interferon Gamma Response	31	3.62e-18	0.0253	1.76e-09	3.13e-05	0.0316	0.147	0.808	9.68e-13	0.935
up	TNF-alpha Signaling via NF-kB	32	2.73e-17	0.0226	6.64e-14	2.5e-34	0.00159	0.129	0.00132	0.000472	0.88
up	Interferon Alpha Response	22	4.28e-17	0.0315	1.13e-12	0.00473	0.621	0.879	0.61	1.21e-12	0.617
up	Apoptosis	24	6.26e-13	0.0010	4.57e-08	8.04e-15	0.00175	0.0155	0.0048	0.188	0.188
down	G2-M Checkpoint	26	1.47e-12	0.0077	6.32e-11	7.97e-16	0.532	9.94e-18	0.0254	0.993	0.993
down	E2F Targets	23	3.09e-10	0.0169	3.89e-17	7.02e-17	0.955	8.2e-20	6.85e-06	1	0.993
up	Hypoxia	22	1.2e-09	0.0175	0.000197	1.11e-09	0.319	0.00229	0.002	0.00222	0.313
up	p53 Pathway	22	2.79e-09	0.0088	1.32e-06	4.55e-15	0.993	0.0231	0.0208	0.052	0.528
up	IL-2/STAT5 Signaling	20	1.66e-08	0.0000	0.0723	0.0764	0.0337	0.28	0.0696	0.151	0.277
down	Myc Targets V1	18	1.4e-06	0.0025	0.00319	0.367	0.957	0.218	7.92e-06	0.956	1
down	Epithelial Mesenchymal Transition	17	9.91e-06	0.2936	0.382	4.92e-05	1.51e-10	0.136	0.248	1.16e-07	1.24e-14
up	Epithelial Mesenchymal Transition	17	1.16e-05	0.2842	3.66e-05	6.16e-07	0.00459	0.000492	3.31e-05	0.88	0.382
up	Coagulation	12	8e-05	0.0570	0.0947	0.00453	0.00033	0.00441	0.0365	0.208	0.96
up	Inflammatory Response	14	0.000184	0.0846	0.0358	2.72e-06	0.0156	0.473	0.94	0.0148	0.295
up	KRAS Signaling Up	14	0.000207	0.1794	5.84e-07	0.000199	0.0168	1.29e-05	0.164	0.086	0.672
up	Unfolded Protein Response	10	0.00035	0.0119	0.274	8.27e-09	0.935	0.752	0.744	0.276	0.75
down	Mitotic Spindle	13	0.000429	0.0106	0.0717	9.14e-08	0.448	0.000141	0.656	0.936	0.938
up	mTORC1 Signaling	14	0.000591	0.0334	0.567	3.12e-06	0.888	0.243	0.126	0.747	0.391
up	Xenobiotic Metabolism	13	0.000708	0.0267	0.000175	0.0892	0.678	0.675	0.662	0.945	0.99
up	IL-6/JAK/STAT3 Signaling	8	0.00112	0.0470	0.00442	0.155	0.00473	0.619	0.61	0.152	0.342
up	UV Response Up	11	0.00181	0.1063	0.0385	5.52e-08	0.547	0.544	0.087	0.0914	0.541
up	Glycolysis	11	0.00501	0.0612	0.0124	0.0764	0.456	0.075	0.00417	0.0015	0.645
up	Complement	11	0.00524	0.2890	0.0129	3.85e-05	0.000147	0.034	0.00436	0.0756	0.649
down	UV Response Dn	9	0.00904	0.1942	0.0645	0.0102	0.00296	0.703	0.154	0.0256	0.0668
down	Angiogenesis	4	0.0122	0.1184	1	0.0639	0.23	0.234	1	0.229	1
up	Estrogen Response Late	11	0.0125	0.7146	9.39e-06	0.00459	0.569	4.05e-05	4.49e-07	0.00014	0.562
up	Cholesterol Homeostasis	5	0.0175	0.1744	0.0164	0.064	0.064	0.783	0.184	0.189	0.782
up	Estrogen Response Early	10	0.0312	0.5763	0.000141	1.45e-07	0.243	0.0658	0.000439	0.00448	0.236
down	Glycolysis	9	0.0322	0.1476	0.277	0.292	0.28	0.289	0.661	0.0127	0.0764
up	Hedgehog Signaling	3	0.0392	0.1211	0.531	1	0.536	0.534	0.528	0.172	0.533
up	Androgen Response	6	0.0398	0.2992	0.00324	0.0391	0.105	0.717	0.23	0.714	0.236
down	Wnt-beta Catenin Signaling	3	0.0609	0.0520	0.601	0.608	1	0.607	0.608	1	1
down	Estrogen Response Late	9	0.0628	0.8461	0.0043	0.0132	0.000146	0.000555	0.248	0.382	2.7e-08
up	KRAS Signaling Dn	6	0.0783	0.2815	0.00908	0.176	1	1	0.0714	0.0281	0.0748
up	Allograft Rejection	8	0.0799	0.2575	0.0742	0.159	0.287	0.458	0.444	0.454	0.823
up	PI3K/AKT/mTOR  Signaling	5	0.0867	0.0445	0.202	0.0298	0.908	0.907	0.904	0.906	0.681
up	Myogenesis	8	0.093	0.3909	0.0392	0.00656	0.845	0.947	0.835	0.676	0.484
down	DNA Repair	6	0.114	0.0328	0.966	0.661	1	0.121	0.122	1	0.429
down	Apical Junction	7	0.121	0.2042	0.922	0.928	0.79	0.927	0.247	0.597	0.405
down	Notch Signaling	2	0.144	0.0812	1	0.501	1	1	1	1	1
up	heme Metabolism	7	0.182	0.2896	0.305	0.179	0.845	0.679	0.99	0.946	0.946
down	Pperoxisome	4	0.209	0.2502	0.0864	0.219	0.689	0.217	0.697	0.909	0.213
down	Androgen Response	4	0.236	0.5611	0.714	0.725	0.239	0.464	0.725	0.92	0.241
down	Oxidative Phosphorylation	7	0.24	0.0626	0.571	0.893	0.994	0.995	0.589	0.24	0.247
up	Fatty Acid Metabolism	5	0.284	0.5275	0.273	0.693	0.973	0.69	0.679	0.871	1
up	UV Response Dn	5	0.289	0.6966	0.471	0.286	0.481	0.000854	0.138	0.144	0.475
down	Myogenesis	6	0.308	0.5909	0.484	0.691	0.312	0.321	0.502	0.484	0.492
down	Hypoxia	6	0.313	0.7782	0.313	0.329	0.00663	0.097	0.329	0.178	0.00683
down	Spermatogenesis	3	0.321	0.2209	0.596	0.145	0.323	0.000175	0.873	0.0487	0.141
up	Reactive Oxygen Species Pathway	2	0.34	0.3901	0.114	0.0312	1	0.703	1	1	0.115
down	KRAS Signaling Dn	4	0.341	0.5377	0.569	0.808	0.00952	0.0795	1	0.341	0.0292
down	Apoptosis	5	0.341	0.7622	0.341	0.557	0.903	0.00187	0.758	0.0393	0.00553
down	TGF-beta Signaling	2	0.381	0.3790	0.738	0.745	0.739	0.389	1	0.738	0.385
down	Estrogen Response Early	6	0.387	0.8803	0.0119	0.405	6.26e-07	0.0699	0.141	0.744	1.45e-07
down	Myc Targets V2	2	0.418	0.1038	0.169	0.771	0.171	1	8.72e-05	1	0.767
up	DNA Repair	4	0.432	0.2600	0.645	0.967	0.429	0.65	0.843	0.647	0.048
up	Adipogenesis	5	0.46	0.5412	0.00444	0.0764	0.156	0.823	0.934	0.449	1
down	Inflammatory Response	5	0.469	0.7196	0.295	0.311	0.473	0.484	0.176	0.295	0.301
down	Hedgehog Signaling	1	0.533	0.4765	1	0.04	0.00631	1	1	0.172	1
down	Pancreas Beta Cells	1	0.533	0.3249	0.172	0.177	0.0384	1	0.54	0.172	0.536
down	Apical Surface	1	0.545	0.6195	0.181	0.0436	0.000947	1	0.552	0.0415	0.183
up	Apical Surface	1	0.549	0.7749	0.00694	0.548	0.548	0.546	0.54	0.181	1
down	mTORC1 Signaling	5	0.571	0.6337	0.571	0.761	0.243	0.00188	0.00547	0.133	0.247
up	Wnt-beta Catenin Signaling	1	0.605	0.6300	0.227	0.231	1	1	0.596	1	0.229
up	Angiogenesis	1	0.605	0.8238	0.227	1	0.000254	0.602	0.0591	0.0122	1
down	Coagulation	3	0.615	0.8643	0.96	0.629	0.014	0.626	0.629	0.0137	0.213
down	Complement	4	0.649	0.8618	0.939	0.834	0.458	0.832	0.297	0.0333	0.287
down	KRAS Signaling Up	4	0.672	0.9670	0.479	0.183	0.675	0.0924	0.32	0.00202	0.0406
down	Fatty Acid Metabolism	3	0.688	0.7858	0.688	0.485	0.69	0.287	0.485	0.469	0.475
down	Protein Secretion	2	0.692	0.4256	0.214	0.916	0.694	0.437	0.225	0.692	0.218
down	Reactive Oxygen Species Pathway	1	0.701	0.5448	0.701	0.708	1	0.342	0.708	0.701	0.704
down	p53 Pathway	4	0.713	0.7851	0.993	0.993	0.866	0.543	0.96	0.528	0.00341
up	TGF-beta Signaling	1	0.742	0.7832	0.736	0.0433	0.147	0.146	0.0406	0.738	0.381
up	Apical Junction	3	0.794	0.8774	0.00829	0.604	0.604	0.0235	0.0524	0.922	0.398
down	Adipogenesis	3	0.82	0.7666	0.82	0.831	0.453	0.658	0.0145	0.449	0.456
down	IL-2/STAT5 Signaling	3	0.82	0.9202	0.449	0.661	0.453	0.0792	0.467	0.0322	0.00161
down	Allograft Rejection	3	0.823	0.7997	0.649	0.99	0.458	0.832	0.665	0.0333	0.0785
down	IL-6/JAK/STAT3 Signaling	1	0.878	0.8806	0.617	0.883	0.619	0.882	0.628	0.617	0.0574
down	TNF-alpha Signaling via NF-kB	3	0.88	0.8599	0.994	0.889	0.129	0.00171	0.889	0.962	0.000512
down	PI3K/AKT/mTOR  Signaling	1	0.906	0.6642	0.681	0.911	0.683	0.689	0.089	0.681	0.908
up	Pperoxisome	1	0.911	0.9236	0.207	0.0887	0.425	0.211	0.906	1	1
up	Protein Secretion	1	0.914	0.8657	0.212	0.431	0.0919	1	0.686	0.426	0.692
down	Bile Acid Metabolism	1	0.92	0.7995	0.012	1	0.717	0.923	0.725	0.714	0.922
up	Bile Acid Metabolism	1	0.923	0.8829	0.919	0.922	0.719	0.717	0.918	1	0.92
down	Unfolded Protein Response	1	0.934	0.7653	0.75	0.937	0.934	0.286	0.136	0.75	0.506
down	Interferon Gamma Response	2	0.935	0.9006	0.439	0.989	0.443	0.0131	0.0337	0.636	0.0316
up	Mitotic Spindle	2	0.939	0.8695	0.441	0.822	0.152	0.989	4.19e-11	0.0717	0.148
down	Xenobiotic Metabolism	2	0.945	0.9628	0.171	0.687	0.483	0.0924	0.183	0.99	0.678
down	heme Metabolism	2	0.946	0.8311	0.946	0.851	0.679	0.688	0.502	0.841	0.492
up	E2F Targets	2	0.956	0.7981	0.953	0.955	0.993	1	3.86e-11	0.34	1.2e-06
up	G2-M Checkpoint	2	0.958	0.8799	0.993	0.868	0.868	1	3.98e-23	0.052	0.00319
up	Oxidative Phosphorylation	2	0.966	0.7346	0.883	0.995	0.578	0.886	1	0.994	0.964
down	UV Response Up	1	0.98	0.9864	0.188	1	0.0155	0.000145	0.2	0.745	0.193
up	Myc Targets V1	1	0.993	0.8879	0.993	0.993	0.957	0.993	0.704	0.109	0.0225
up	Notch Signaling	0	1	1.0000	0.493	0.497	0.497	0.145	0.49	1	0.494
up	Myc Targets V2	0	1	1.0000	1	0.767	1	1	1	0.0135	0.418
up	Spermatogenesis	0	1	1.0000	0.594	0.6	0.6	0.323	3.61e-06	0.321	0.868
up	Pancreas Beta Cells	0	1	1.0000	1	0.536	1	0.534	1	1	0.533
down	Cholesterol Homeostasis	0	1	1.0000	0.445	0.789	0.783	0.195	0.455	0.782	0.192
down	Interferon Alpha Response	0	1	1.0000	0.617	0.883	0.879	0.059	0.628	0.617	0.0178
