gene	esencial	lineas_depmap	efecto_mediana	frac_dependiente	sm_tratable	candidatos_clinicos	farmacos_clinicos	interacciones_dgidb	tipos_dgidb	aprobados_dgidb
BUB1B	True	1258	-1.21	0.77	True	0		0		
CEP57	False	1258	-0.08	0.00	False	0		0		
TRIP13	False	1257	-0.24	0.01	True	0		0		
MAD2L1BP	True	1258	-0.47	0.05	True	0		0		
BUB1	True	1258	-0.64	0.05	True	0		6	inhibitor:6	
BUB3	True	1257	-2.67	0.99	False	0		0		
MAD1L1	False	1258	-0.09	0.00	False	0		2		CARBOPLATIN;PACLITAXEL PROTEIN-BOUND
MAD2L1	True	1258	-1.37	0.89	True	0		0		
TTK	True	1258	-0.84	0.25	True	2	BAY-1161909;BAY-1217389	15	inhibitor:16	
CDC20	True	1258	-2.09	1.00	True	0		0		
KNL1	True	1258	-0.64	0.08	False	0		0		
ZW10	False	1258	-0.35	0.01	False	0		0		
KNTC1	False	1258	-0.30	0.04	False	0		1	inhibitor:1	VORINOSTAT
ZWILCH	False	1258	-0.17	0.00	False	0		0		
SPDL1	True	1258	-1.14	0.76	False	0		0		
NDC80	True	1258	-1.37	0.89	True	0		0		
NUF2	True	1258	-1.60	0.91	True	0		0		
SPC24	True	1258	-2.63	0.99	True	0		0		
SPC25	True	1258	-1.63	0.98	True	0		0		
CENPE	True	1258	-0.66	0.07	True	0		1	inhibitor:1	
CENPF	False	1258	-0.26	0.00	False	0		0		
AURKB	True	1258	-2.20	0.99	True	18	AMG-900;AT-9283;BARASERTIB;BI-811283;CENISERTIB;CYC-116;DANUSERTIB;ENMD-2076;GSK-1070916;IBCASERTIB;ILORASERTIB;KW-2449;MK-6592;PF-03814735;SNS-314;TAK-901;TOZASERTIB;TTP-607	91	inhibitor:60	BELUMOSUDIL;COPANLISIB;DASATINIB ANHYDROUS;ENTRECTINIB;ERLOTINIB;LAPATINIB;PAZOPANIB;SORAFENIB;VANDETANIB
INCENP	True	1258	-1.26	0.80	True	0		0		
CDCA8	True	1258	-1.69	0.95	True	0		0		
BIRC5	True	1257	-1.96	0.99	True	2	GATAPARSEN;SVN53-67/M57-KLH PEPTIDE VACCINE	62	vaccine:1;inhibitor:3	ARSENIC TRIOXIDE;CAMPTOTHECIN;CARBOPLATIN;CISPLATIN;CYTARABINE;DACTINOMYCIN;DEXAMETHASONE;DOCETAXEL ANHYDROUS;DOXORUBICIN HYDROCHLORIDE;EPIRUBICIN HYDROCHLORIDE;EPOETIN ALFA;ERLOTINIB HYDROCHLORIDE;FLUOROURACIL;FLUTAMIDE;GENISTEIN;IMATINIB;INDOMETHACIN;INTERFERON BETA-1A;INTERLEUKIN-11;IRINOTECAN HYDROCHLORIDE;LAPATINIB;LONAFARNIB;METHOTREXATE;MYCOPHENOLATE;OMACETAXINE MEPESUCCINATE;PACLITAXEL PROTEIN-BOUND;PLICAMYCIN;PRASTERONE;ROFECOXIB;ROMIDEPSIN;SALMON CALCITONIN;SULINDAC;TRASTUZUMAB;TRETINOIN;VALDECOXIB;VORINOSTAT
PLK1	True	1258	-2.78	1.00	True	8	BI-2536;CAFUSERTIB;GSK-461364;HMN-214;MK-1496;ONVANSERTIB;TAK-960;VOLASERTIB	190	inhibitor:24	ACITRETIN;APOMORPHINE HYDROCHLORIDE;BENZBROMARONE;CEFACLOR ANHYDROUS;DIPYRIDAMOLE;DISULFIRAM;ERYTHROMYCIN;HEXACHLOROPHENE;HYDROXYZINE PAMOATE;IDARUBICIN HYDROCHLORIDE;INAMRINONE;LANSOPRAZOLE;OLEIC ACID;OMEPRAZOLE;OXYTETRACYCLINE ANHYDROUS;SIMVASTATIN;STAVUDINE;SUCCIMER;TOPOTECAN HYDROCHLORIDE
ESPL1	True	1258	-2.37	0.99	False	0		0		
PTTG1	True	1258	-0.39	0.01	False	0		1		ETANERCEPT
SGO1	True	1258	-0.96	0.45	False	0		0		
CENPA	True	1258	-1.11	0.62	True	0		0		
PLK4	True	1258	-1.09	0.62	True	3	CFI-400945;OCIFISERTIB;RG-1530	35	inhibitor:12	AXITINIB;DASATINIB ANHYDROUS;ENTRECTINIB;SORAFENIB
CHMP4C	False	1253	-0.05	0.00	False	0		0		
