gene	chrom	pos	ref	alt	filter	gt	ad	dp	gq	pgt	pid	gnomad_af	gnomad_an	gnomad_faf95	gnomad_nhomalt	gnomad_source	clase	region	tipo	clinvar_sig	clinvar_rev	clinvar_dn	clinvar_misma_pos
AURKB	17	8208590	C	CAATAAAT	PASS	0/1	34,29	64	55								ausente_en_gnomAD	intronico (750 nt del exon mas cercano)	indel				
AURKB	17	8208593	A	AAAATAAAT,AT	PASS	1/2	9,17,31	63	40								ausente_en_gnomAD	intronico (753 nt del exon mas cercano)	indel				
BUB1B	15	40215244	C	T	PASS	0/1	48,32	683	442			2.62778e-05	152220		0	genome	rara	intronico (1770 nt del exon mas cercano)	SNV				
CDCA8	1	37702037	CT	CTT,C	PASS	2/1	3,47,49	250	99								ausente_en_gnomAD	intronico (219 nt del exon mas cercano)	indel				
CENPF	1	214616835	CTCTTTCTTTCTTTCTT	CTCTT,C	PASS	2/1	0,38,37	188	102								ausente_en_gnomAD	intronico (1738 nt del exon mas cercano)	indel				
CENPF	1	214657249	A	G	PASS	0/1	219,192	885	1181			0.000346821	1461848	0.00041186	0	exome	rara	codificante	SNV	Likely_benign	criteria_provided,_multiple_submitters,_no_conflicts	not_provided	
CEP57	11	95814070	T	A	PASS	0/1	64,44	427	1184								ausente_en_gnomAD	intronico (481 nt del exon mas cercano)	SNV				
CEP57	11	95814071	C	A	PASS	0/1	64,44	427	1180								ausente_en_gnomAD	intronico (482 nt del exon mas cercano)	SNV				
CEP57	11	95814072	TC	T	PASS	0/1	64,44	429	1182								ausente_en_gnomAD	intronico (483 nt del exon mas cercano)	indel				
CEP57	11	95814075	C	G	PASS	0/1	0,0	0	120								ausente_en_gnomAD	intronico (486 nt del exon mas cercano)	SNV				
CHMP4C	8	81736085	CAATAAATA	CAATA,C	PASS	2/1	0,96,87	444	156								ausente_en_gnomAD	intronico (3269 nt del exon mas cercano)	indel				
ESPL1	12	53278488	T	TA,TAA	PASS	1/2	5,103,93	535	324								ausente_en_gnomAD	intronico (528 nt del exon mas cercano)	indel				
INCENP	11	62153729	ATTTT	AT,A	PASS	2/1	1,33,59	151	102								ausente_en_gnomAD	intronico (560 nt del exon mas cercano)	indel				
INCENP	11	62155166	A	T	PASS	0/1	260,235	966	882			0.000813808	152370	0.00146643	0	genome	rara	intronico (1997 nt del exon mas cercano)	SNV				
KNTC1	12	122562439	TTGTGTG	TTG,T	PASS	2/1	0,94,117	508	127								ausente_en_gnomAD	intronico (199 nt del exon mas cercano)	indel				
MAD1L1	7	1976889	G	A	PASS	0/1	49,35	787	510			6.57212e-06	152158		0	genome	rara	intronico (3564 nt del exon mas cercano)	SNV				
MAD1L1	7	1983460	T	C	PASS	0/1	74,94	780	1117			0.000564556	152332	0.00087526	0	genome	rara	intronico (2919 nt del exon mas cercano)	SNV				
MAD1L1	7	2001020	G	A	PASS	0/1	28,37	545	984			0.000466222	152288	0.00055967	1	genome	rara	intronico (1045 nt del exon mas cercano)	SNV				
MAD1L1	7	2006188	C	G	PASS	0/1	212,181	779	880			6.56642e-06	152290		0	genome	rara	intronico (4067 nt del exon mas cercano)	SNV				
MAD1L1	7	2009112	G	A	PASS	0/1	74,66	642	720			6.56461e-06	152332		0	genome	rara	intronico (5390 nt del exon mas cercano)	SNV				
MAD1L1	7	2042882	TGTCCACGTCCAC	TGTCCAC,T	PASS	2/1	8,141,132	521	148								ausente_en_gnomAD	intronico (26312 nt del exon mas cercano)	indel				
MAD1L1	7	2052693	CCA	C	PASS	0/1	248,210	780	1053			1.96946e-05	152326	4.88e-06	0	genome	rara	intronico (16501 nt del exon mas cercano)	indel				
MAD1L1	7	2061354	TTAAAA	TTAAAATAAAA,T	PASS	2/1	1,150,149	776	333								ausente_en_gnomAD	intronico (7840 nt del exon mas cercano)	indel				
MAD1L1	7	2120655	C	T	PASS	0/1	215,202	758	1031			6.56383e-06	152350		0	genome	rara	intronico (28497 nt del exon mas cercano)	SNV				
MAD1L1	7	2133095	T	C	PASS	0/1	43,45	308	199								ausente_en_gnomAD	intronico (16057 nt del exon mas cercano)	SNV				
MAD1L1	7	2133164	T	G	PASS	0/1	40,45	292	214			0.000259063	127382	0.00031545	1	genome	rara	intronico (15988 nt del exon mas cercano)	SNV				
MAD1L1	7	2186480	A	C	PASS	0/1	222,224	881	779			0.000295314	152380	0.00027984	1	genome	rara	intronico (26732 nt del exon mas cercano)	SNV				
NDC80	18	2605274	ATGTGTGTGTG	ATGTG,A	PASS	2/1	13,64,78	284	132								ausente_en_gnomAD	intronico (1141 nt del exon mas cercano)	indel				
NDC80	18	2611045	AT	ATT,A	PASS	2/1	4,41,46	320	128								ausente_en_gnomAD	intronico (184 nt del exon mas cercano)	indel				
NDC80	18	2612109	TAAGAG	T	PASS	0/1	209,197	758	679			0.000216866	152168	0.00032958	0	genome	rara	intronico (1248 nt del exon mas cercano)	indel				
SPDL1	5	169605609	A	AGATAGATT	PASS	1/0	204,218	487	162			0.000437654	150804	0.00068354	0	genome	rara	intronico (831 nt del exon mas cercano)	indel				
TTK	6	80008929	CTGTG	CTGTGTGTGTGTGTG,C	PASS	2/1	14,78,129	493	130								ausente_en_gnomAD	intronico (437 nt del exon mas cercano)	indel				
TTK	6	80010773	T	G	PASS	0/1	0,0	378	208			0	250094		0	exome	rara	intronico (41 nt del exon mas cercano)	SNV				
TTK	6	80010774	T	A	PASS	0/1	0,0	379	202			7.00956e-07	1426624		0	exome	rara	intronico (40 nt del exon mas cercano)	SNV				
ZWILCH	15	66507730	G	T	PASS	0/1	182,195	777	1033			0.000217114	151994	0.0002673	0	genome	rara	intronico (1111 nt del exon mas cercano)	SNV				
