gene	chrom	pos	ref	alt	filter	gt	ad	dp	gq	pgt	pid	gnomad_af	gnomad_an	gnomad_faf95	gnomad_nhomalt	gnomad_source	clase	region	tipo
BIRC5	17	78214128	C	A	PASS	0|1	92,82	711	496			0.000786782	391468	0.00395391	3	exome	rara	intronico (125 nt del exon mas cercano)	SNV
BIRC5	17	78220384	C	T	PASS	0|1	70,58	535	423			5.94185e-05	151468	7.324e-05	0	genome	rara	intronico (3081 nt del exon mas cercano)	SNV
BIRC5	17	78220921	G	A	PASS	0|1	178,209	747	495								ausente_en_gnomAD	intronico (2544 nt del exon mas cercano)	SNV
BUB1	2	110655104	T	G	PASS	1|0	257,285	1008	553			0.000479154	152352	0.0104364	0	genome	rara	intronico (635 nt del exon mas cercano)	SNV
BUB1B	15	40179967	CAT	CATAT,C	PASS	2|1	13,151,162	686	235								ausente_en_gnomAD	intronico (3294 nt del exon mas cercano)	indel
BUB1B	15	40183029	C	T	PASS	1|0	286,286	1073	495			0.000216772	152234	0.00466983	0	genome	rara	intronico (685 nt del exon mas cercano)	SNV
BUB1B	15	40186916	T	C	PASS	0/1	91,115	604	303			0.000151451	151864	0.00288075	0	genome	rara	intronico (1274 nt del exon mas cercano)	SNV
BUB3	10	123152549	TACAC	TACACACACAC,T	PASS	1|2	6,54,83	398	118								ausente_en_gnomAD	intronico (1853 nt del exon mas cercano)	indel
BUB3	10	123155480	C	T	PASS	0|1	255,250	919	493								ausente_en_gnomAD	intronico (178 nt del exon mas cercano)	SNV
CDCA8	1	37699585	AGAAAGGAAAGGAAAG	AGAAAGGAAAG,A	PASS	2/1	2,91,93	524	138								ausente_en_gnomAD	intronico (608 nt del exon mas cercano)	indel
CENPE	4	103146338	C	G	PASS	0|1	284,264	1021	564			0.000426789	152300	0.0090476	2	genome	rara	intronico (231 nt del exon mas cercano)	SNV
CENPE	4	103146927	G	C	PASS	0|1	261,215	890	547			0.000433486	152254	0.00925144	2	genome	rara	intronico (429 nt del exon mas cercano)	SNV
CENPF	1	214654713	G	A	PASS	0|1	260,247	978	550			0.000164584	151898	0.00271803	0	genome	rara	intronico (528 nt del exon mas cercano)	SNV
CEP57	11	95806443	G	A	PASS	1|0	251,228	888	499			0.000702718	152266	0.0120452	4	genome	rara	intronico (6489 nt del exon mas cercano)	SNV
ESPL1	12	53275179	C	T	PASS	0|1	163,143	2315	541			0.000276123	152106	0.00482585	1	genome	rara	intronico (169 nt del exon mas cercano)	SNV
KNL1	15	40632510	G	A	PASS	1|0	248,251	962	536								ausente_en_gnomAD	intronico (3139 nt del exon mas cercano)	SNV
KNL1	15	40658290	G	A	PASS	0|1	18,20	591	456			0.000506806	151932	0.00910406	0	genome	rara	intronico (817 nt del exon mas cercano)	SNV
KNTC1	12	122525575	T	C	PASS	1|0	312,278	1061	446			1.3132e-05	152300	6.816e-05	0	genome	rara	intronico (1674 nt del exon mas cercano)	SNV
KNTC1	12	122541287	G	GCCTGCCTTCCTTCCTT,GCCTTCCTTCCTT	PASS	2/1	2,20,18	276	246								ausente_en_gnomAD	intronico (763 nt del exon mas cercano)	indel
KNTC1	12	122562439	TTGTGTGTGTGTGTG	TTGTGTGTG,T	PASS	2|1	9,104,140	555	137								ausente_en_gnomAD	intronico (199 nt del exon mas cercano)	indel
KNTC1	12	122567980	CAA	C	PASS	1|0	273,252	1015	457			0.00032855	152184	0.00532476	0	genome	rara	intronico (281 nt del exon mas cercano)	indel
KNTC1	12	122582920	G	C	PASS	1|0	245,265	2404	641			2.46348e-05	1461350	0.00062986	0	exome	rara	codificante	SNV
KNTC1	12	122608195	C	T	PASS	1|0	251,249	943	456			4.59758e-05	152254	6.835e-05	0	genome	rara	intronico (1189 nt del exon mas cercano)	SNV
MAD1L1	7	1837988	C	T	PASS	0|1	42,43	676	452			9.19106e-05	152322	0.00090442	0	genome	rara	intronico (21760 nt del exon mas cercano)	SNV
MAD1L1	7	1842591	C	A,T	PASS	1|2	39,203,161	763	344								ausente_en_gnomAD	intronico (26363 nt del exon mas cercano)	indel
MAD1L1	7	1849799	TGGCAGC	TGGCAGCGGCAGC,T	PASS	2/1	6,119,117	585	276								ausente_en_gnomAD	intronico (33571 nt del exon mas cercano)	indel
MAD1L1	7	1906574	GT	G	PASS	1|0	184,157	634	454			0.000407038	152320	0.00853273	2	genome	rara	intronico (8184 nt del exon mas cercano)	indel
MAD1L1	7	1909536	G	A	PASS	1|0	192,173	751	454			0.000413587	152326	0.00854567	2	genome	rara	intronico (11146 nt del exon mas cercano)	SNV
MAD1L1	7	1910304	G	C	PASS	1|0	182,175	657	452			0.000420152	152326	0.00873436	2	genome	rara	intronico (11914 nt del exon mas cercano)	SNV
MAD1L1	7	1915082	G	C	PASS	1|0	210,177	733	391			0.000413619	152314	0.00853919	2	genome	rara	intronico (16692 nt del exon mas cercano)	SNV
MAD1L1	7	1922620	C	T	PASS	1|0	70,72	743	355			0.000131292	152332	0.00162938	0	genome	rara	intronico (14067 nt del exon mas cercano)	SNV
MAD1L1	7	1939194	TCA	TCACA,T	PASS	1|2	5,17,16	146	153								ausente_en_gnomAD	intronico (2297 nt del exon mas cercano)	indel
MAD1L1	7	1962264	CTCT	C	PASS	0|1	275,283	1016	456			0.000137846	152344	0.00224123	0	genome	rara	intronico (4545 nt del exon mas cercano)	indel
MAD1L1	7	2019797	G	A	PASS	0|1	48,70	638	495			1.31285e-05	152340	6.832e-05	0	genome	rara	intronico (5155 nt del exon mas cercano)	SNV
MAD1L1	7	2091775	C	CAA	PASS	0/1	68,37	451	210			0.00051825	125422	0.00110607	0	genome	rara	intronico (22437 nt del exon mas cercano)	indel
MAD1L1	7	2103502	C	T	PASS	1|0	177,144	598	453			0.000637495	152158	0.0133308	3	genome	rara	intronico (34164 nt del exon mas cercano)	SNV
MAD1L1	7	2121051	C	A	PASS	0|1	189,202	698	421			0.000157578	152306	0.002715	0	genome	rara	intronico (28101 nt del exon mas cercano)	SNV
MAD1L1	7	2174388	GC	G	PASS	1|0	217,240	855	459								ausente_en_gnomAD	intronico (25150 nt del exon mas cercano)	indel
MAD1L1	7	2233491	C	G	PASS	1|0	239,231	874	457								ausente_en_gnomAD	intronico (546 nt del exon mas cercano)	SNV
MAD2L1	4	120056261	TTAAA	T	PASS	1|0	255,257	938	457			5.25231e-05	152314	0.00063237	0	genome	rara	exonico UTR	indel
NDC80	18	2595229	T	TTATA,TTATATATATA	PASS	1/2	0,195,163	856	134								ausente_en_gnomAD	intronico (187 nt del exon mas cercano)	indel
NDC80	18	2605274	ATGTGTGTGTGTGTG	ATG,A	PASS	2/1	0,61,77	369	101								ausente_en_gnomAD	intronico (1141 nt del exon mas cercano)	indel
PLK1	16	23677550	G	A	PASS	0|1	214,190	925	460			6.58441e-06	151874		0	genome	rara	intronico (1339 nt del exon mas cercano)	SNV
PLK4	4	127886733	G	T	PASS	1|0	234,226	2092	608								ausente_en_gnomAD	region de splicing	SNV
PTTG1	5	160421280	C	T	PASS	0|1	285,298	1058	495			0.000867177	152218	0.0206773	2	genome	rara	intronico (575 nt del exon mas cercano)	SNV
SGO1	3	20168906	T	C	PASS	1|0	181,199	794	437			1.8041e-05	831440	0.00109845	0	exome	rara	intronico (578 nt del exon mas cercano)	SNV
SGO1	3	20184926	CA	CAA,C	PASS	1|2	13,187,209	958	355								ausente_en_gnomAD	intronico (892 nt del exon mas cercano)	indel
TTK	6	80007182	G	A	PASS	1|0	243,268	959	559			4.59728e-05	152264	6.823e-05	0	genome	rara	intronico (627 nt del exon mas cercano)	SNV
TTK	6	80008929	CTG	CTGTGTGTGTGTG,C	PASS	2|1	6,66,100	422	135								ausente_en_gnomAD	intronico (437 nt del exon mas cercano)	indel
TTK	6	80037865	TATAATAATAATA	TATAATA,T	PASS	2/1	2,183,180	717	153								ausente_en_gnomAD	intronico (102 nt del exon mas cercano)	indel
ZW10	11	113734804	C	CA,CAA	PASS	1/2	0,73,56	473	283								ausente_en_gnomAD	intronico (990 nt del exon mas cercano)	indel
